index,title,values
1.1.1,Sold by,PC Fallon Co.
1.2.1,Sold by,Walmart - Euro Pharm
1.3.1,Sold by,eBay - pharmacy1231
1.1.2,Details & special offers,"Delivery by Wed, May 25Spend $89 for free delivery"
1.2.2,Details & special offers,Free delivery
1.3.2,Details & special offers,"Free delivery by Wed, May 18"
1.1.3,Item price,LOW PRICE$18.99
1.2.3,Item price,$21.99
1.3.3,Item price,$20.00
1.1.4,Total price,$25.94
1.2.4,Total price,$23.31
1.3.4,Total price,$21.20
2.1.1,Sold by,Vitabath
2.2.1,Sold by,PC Fallon Co.
2.3.1,Sold by,Walmart
2.4.1,Sold by,eBay
2.5.1,Sold by,truegether.com/user/433433.html
2.6.1,Sold by,Bonanza - Xperts-Bonanza Mall
2.7.1,Sold by,OliveTips.com
2.1.2,Details & special offers,Spend $65 for free delivery
2.2.2,Details & special offers,"Delivery by Wed, May 25Spend $89 for free delivery"
2.3.2,Details & special offers,Free delivery
2.4.2,Details & special offers,$5.50 delivery
2.5.2,Details & special offers,Free delivery
2.6.2,Details & special offers,Free delivery
2.7.2,Details & special offers,"Free delivery by Mon, May 23"
2.1.3,Item price,LOW PRICE$9.25
2.2.3,Item price,LOW PRICE$8.99
2.3.3,Item price,$18.24
2.4.3,Item price,$14.80
2.5.3,Item price,$16.65
2.6.3,Item price,$16.99
2.7.3,Item price,$27.83
2.1.4,Total price,$19.20
2.2.4,Total price,$15.94
2.3.4,Total price,$19.33
2.4.4,Total price,$21.19
2.5.4,Total price,$16.65
2.6.4,Total price,$18.01
2.7.4,Total price,$27.83
3.1.1,Sold by,PC Fallon Co.
3.2.1,Sold by,Walmart - Euro Pharm
3.3.1,Sold by,eBay
3.4.1,Sold by,ihealthee
3.1.2,Details & special offers,"Delivery by Wed, May 25Spend $89 for free delivery"
3.2.2,Details & special offers,Free delivery
3.3.2,Details & special offers,$1.89 delivery
3.4.2,Details & special offers,Free delivery
3.1.3,Item price,"GREAT PICKThis product and store are highly rated, and the price is competitive.$28.05"
3.2.3,Item price,$33.00
3.3.3,Item price,$31.99
3.4.3,Item price,$46.39
3.1.4,Total price,$36.00
3.2.4,Total price,$34.98
3.3.4,Total price,$35.80
3.4.4,Total price,$49.17
4.1.1,Sold by,Vitabath
4.2.1,Sold by,Walmart - Euro Pharm
4.3.1,Sold by,PC Fallon Co.
4.4.1,Sold by,eBay
4.5.1,Sold by,pilottop.com
4.6.1,Sold by,iBeautyCity.com
4.7.1,Sold by,ibeautistore
4.1.2,Details & special offers,Spend $65 for free delivery
4.2.2,Details & special offers,Free delivery
4.3.2,Details & special offers,"Delivery by Wed, May 25Spend $89 for free delivery"
4.4.2,Details & special offers,"Free delivery by Wed, May 18"
4.5.2,Details & special offers,"Free delivery by Thu, May 19Free 30-day returns"
4.6.2,Details & special offers,"Free delivery by Sun, May 22"
4.7.2,Details & special offers,"Free delivery by Sun, May 22"
4.1.3,Item price,LOW PRICE$9.25
4.2.3,Item price,$11.99
4.3.3,Item price,LOW PRICE$8.99
4.4.3,Item price,$11.99
4.5.3,Item price,$22.06
4.6.3,Item price,$33.65
4.7.3,Item price,$22.06
4.1.4,Total price,$19.20
4.2.4,Total price,$12.71
4.3.4,Total price,$15.94
4.4.4,Total price,$12.71
4.5.4,Total price,$22.06
4.6.4,Total price,$33.65
4.7.4,Total price,$22.06
5.1.1,Sold by,Vitabath
5.2.1,Sold by,Walmart - Euro Pharm
5.3.1,Sold by,eBay
5.4.1,Sold by,truegether.com/user/433433.html
5.5.1,Sold by,Bonanza - Xperts-Bonanza Mall
5.1.2,Details & special offers,Spend $65 for free delivery
5.2.2,Details & special offers,Free delivery
5.3.2,Details & special offers,"Free delivery by Wed, May 18"
5.4.2,Details & special offers,Free delivery
5.5.2,Details & special offers,Free delivery
5.1.3,Item price,$9.25
5.2.3,Item price,$24.00
5.3.3,Item price,$23.95
5.4.3,Item price,$23.51
5.5.3,Item price,$23.99
5.1.4,Total price,$19.20
5.2.4,Total price,$25.44
5.3.4,Total price,$25.39
5.4.4,Total price,$23.51
5.5.4,Total price,$25.43
6.1.1,Sold by,PC Fallon Co.
6.2.1,Sold by,Walmart - Euro Pharm
6.3.1,Sold by,eBay
6.4.1,Sold by,truegether.com/user/433433.html
6.5.1,Sold by,Bonanza - Xperts-Bonanza Mall
6.1.2,Details & special offers,"Delivery by Wed, May 25Spend $89 for free delivery"
6.2.2,Details & special offers,Free delivery
6.3.2,Details & special offers,"Free delivery by Wed, May 18"
6.4.2,Details & special offers,Free delivery
6.5.2,Details & special offers,Free delivery
6.1.3,Item price,"GREAT PICKThis product and store are highly rated, and the price is competitive.$28.05"
6.2.3,Item price,$33.00
6.3.3,Item price,$28.89
6.4.3,Item price,$36.25
6.5.3,Item price,$36.99
6.1.4,Total price,$36.00
6.2.4,Total price,$34.98
6.3.4,Total price,$30.62
6.4.4,Total price,$36.25
6.5.4,Total price,$39.21
7.1.1,Sold by,Walmart - Euro Pharm
7.2.1,Sold by,PC Fallon Co.
7.3.1,Sold by,truegether.com/user/433433.html
7.4.1,Sold by,eBay
7.5.1,Sold by,Bonanza - Xperts-Bonanza Mall
7.6.1,Sold by,Zabiva.com
7.7.1,Sold by,Newegg.com - Famous Microgreens
7.8.1,Sold by,iBeautyCity.com
7.1.2,Details & special offers,Free delivery
7.2.2,Details & special offers,"Delivery by Wed, May 25Spend $89 for free delivery"
7.3.2,Details & special offers,Free delivery
7.4.2,Details & special offers,"Free delivery by Wed, May 18"
7.5.2,Details & special offers,Free delivery
7.6.2,Details & special offers,Free deliveryApply SAVE22
7.7.2,Details & special offers,Free delivery
7.8.2,Details & special offers,"Free delivery by Sun, May 22"
7.1.3,Item price,$33.00
7.2.3,Item price,LOW PRICE$28.05
7.3.3,Item price,$36.25
7.4.3,Item price,$36.99
7.5.3,Item price,$36.99
7.6.3,Item price,5% OFF$38.91
7.7.3,Item price,$43.00
7.8.3,Item price,$54.91
7.1.4,Total price,$34.98
7.2.4,Total price,$36.00
7.3.4,Total price,$36.25
7.4.4,Total price,$39.21
7.5.4,Total price,$39.21
7.6.4,Total price,$41.24
7.7.4,Total price,$45.58
7.8.4,Total price,$54.91
8.1.1,Sold by,Vitabath
8.2.1,Sold by,PC Fallon Co.
8.1.2,Details & special offers,Spend $65 for free delivery
8.2.2,Details & special offers,"Delivery by Wed, May 25Spend $89 for free delivery"
8.1.3,Item price,$9.25
8.2.3,Item price,$8.99
8.1.4,Total price,$19.20
8.2.4,Total price,$15.94
9.1.1,Sold by,PC Fallon Co.
9.2.1,Sold by,eCrater - xpertsedge
9.3.1,Sold by,eBay - 433433
9.4.1,Sold by,VereTreasure Supermarket
9.5.1,Sold by,truegether.com/user/433433.html
9.1.2,Details & special offers,"Delivery by Wed, May 25Spend $89 for free delivery"
9.2.2,Details & special offers,Free delivery
9.3.2,Details & special offers,"Free delivery by Wed, May 18"
9.4.2,Details & special offers,"Free delivery by Mon, May 16Free 30-day returns"
9.5.2,Details & special offers,Free delivery
9.1.3,Item price,LOW PRICE$8.99
9.2.3,Item price,$13.99
9.3.3,Item price,$16.99
9.4.3,Item price,$20.51
9.5.3,Item price,$16.65
9.1.4,Total price,$15.94
9.2.4,Total price,$13.99
9.3.4,Total price,$18.01
9.4.4,Total price,$20.51
9.5.4,Total price,$16.65
10.1.1,Sold by,Na
10.1.2,Details & special offers,Na
10.1.3,Item price,Na
10.1.4,Total price,Na
11.1.1,Sold by,PC Fallon Co.
11.2.1,Sold by,myBitti.com
11.3.1,Sold by,Walmart - TWS E-COMMERCE LLC
11.4.1,Sold by,eBay - 433433
11.5.1,Sold by,truegether.com/user/433433.html
11.6.1,Sold by,Bonanza - Xperts-Bonanza Mall
11.1.2,Details & special offers,"Delivery by Wed, May 25Spend $89 for free delivery"
11.2.2,Details & special offers,"Free delivery by Tue, May 17"
11.3.2,Details & special offers,Free delivery
11.4.2,Details & special offers,"Free delivery by Wed, May 18"
11.5.2,Details & special offers,Free delivery
11.6.2,Details & special offers,Free delivery
11.1.3,Item price,LOW PRICE$18.99
11.2.3,Item price,$22.99
11.3.3,Item price,$35.28
11.4.3,Item price,$28.99
11.5.3,Item price,$28.41
11.6.3,Item price,$28.99
11.1.4,Total price,$25.94
11.2.4,Total price,$24.37
11.3.4,Total price,$37.40
11.4.4,Total price,$30.73
11.5.4,Total price,$28.41
11.6.4,Total price,$30.73
12.1.1,Sold by,Ulta Beauty
12.2.1,Sold by,Vitabath
12.3.1,Sold by,PC Fallon Co.
12.4.1,Sold by,eCosmetics
12.5.1,Sold by,eBay
12.6.1,Sold by,OpenSky
12.7.1,Sold by,beautysuppliers.org
12.8.1,Sold by,Sears - ErgodE
12.9.1,Sold by,"Home Essentials DirectGoogle GuaranteeIf anything goes wrong with your order, Google will help make it right.Learn more4.7/54.7 out of 5 stars store ratingStore info"
12.10.1,Sold by,shop.com
12.11.1,Sold by,"Le Ravishe Beauty MartGoogle GuaranteeIf anything goes wrong with your order, Google will help make it right.Learn moreTrusted storeWhat makes this a trusted store?This store offers a combination of fast shipping, on-time deliveries, and easy returns, among other services.Identifies as Women-owned"
12.1.2,Details & special offers,Spend $35 for free deliveryFree 60-day returns
12.2.2,Details & special offers,Spend $65 for free delivery
12.3.2,Details & special offers,"Delivery by Wed, May 25Spend $89 for free delivery"
12.4.2,Details & special offers,"Delivery by Sun, May 15Spend $49 for free deliveryFree 60-day returnsExtra 20% Off Your First Order"
12.5.2,Details & special offers,$6.50 delivery
12.6.2,Details & special offers,$8.00 deliveryFree 14-day returns
12.7.2,Details & special offers,"$6.50 delivery by Fri, May 2730-day returns"
12.8.2,Details & special offers,Free delivery
12.9.2,Details & special offers,"Free delivery by Mon, May 16Free deliveryFree delivery means no shipping and service fees. Orders must meet store minimums before taxes and fees in select delivery areas.30-day returnsReturn policyIf anything goes wrong with this order, you can count on Google to help."
12.10.2,Details & special offers,Free delivery
12.11.2,Details & special offers,"Free delivery by Tue, May 24Free deliveryFree delivery means no shipping and service fees. Orders must meet store minimums before taxes and fees in select delivery areas.Free 30-day returnsReturn policyIf anything goes wrong with this order, you can count on Google to help."
12.1.3,Item price,LOW PRICE$8.99
12.2.3,Item price,$9.25
12.3.3,Item price,LOW PRICE$8.99
12.4.3,Item price,LOW PRICE$8.71
12.5.3,Item price,$9.90
12.6.3,Item price,$10.89
12.7.3,Item price,$14.57
12.8.3,Item price,$24.06
12.9.3,Item price,$19.95
12.10.3,Item price,$24.09
12.11.3,Item price,$22.51
12.1.4,Total price,$15.84
12.2.4,Total price,$19.20
12.3.4,Total price,$15.94
12.4.4,Total price,$14.66
12.5.4,Total price,$17.38
12.6.4,Total price,$18.89
12.7.4,Total price,$23.60
12.8.4,Total price,$25.50
12.9.4,Total price,$21.15
12.10.4,Total price,$25.54
12.11.4,Total price,$23.86
13.1.1,Sold by,Vitabath
13.2.1,Sold by,myBitti.com
13.3.1,Sold by,Raj Pharmacies
13.4.1,Sold by,truegether.com/user/433433.html
13.5.1,Sold by,eCrater - xpertsedge
13.1.2,Details & special offers,Spend $65 for free delivery
13.2.2,Details & special offers,"Free delivery by Tue, May 17"
13.3.2,Details & special offers,463.6 mi · In stock at RumsonToday: 9:00 AM - 7:00 PM
13.4.2,Details & special offers,Free delivery
13.5.2,Details & special offers,Free delivery
13.1.3,Item price,LOW PRICE$20.55
13.2.3,Item price,$22.99
13.3.3,Item price,LOW PRICE$20.99
13.4.3,Item price,$26.45
13.5.3,Item price,$26.99
13.1.4,Total price,$30.50
13.2.4,Total price,$24.37
13.3.4,Total price,$20.99.Tax
13.4.4,Total price,$26.45
13.5.4,Total price,$26.99
14.1.1,Sold by,PC Fallon Co.
14.2.1,Sold by,myBitti.com
14.1.2,Details & special offers,"Free delivery by Wed, May 25"
14.2.2,Details & special offers,"Free delivery by Tue, May 17"
14.1.3,Item price,$89.00
14.2.3,Item price,$95.99
14.1.4,Total price,$89.00
14.2.4,Total price,$101.75
15.1.1,Sold by,PC Fallon Co.
15.2.1,Sold by,Vitacost.com
15.3.1,Sold by,ihealthee
15.1.2,Details & special offers,"Delivery by Wed, May 25Spend $89 for free delivery"
15.2.2,Details & special offers,Spend $49 for free delivery60-day returns
15.3.2,Details & special offers,Free delivery
15.1.3,Item price,$8.99
15.2.3,Item price,$8.99
15.3.3,Item price,$12.66
15.1.4,Total price,$15.94
15.2.4,Total price,$15.88
15.3.4,Total price,$13.42
16.1.1,Sold by,PC Fallon Co.
16.2.1,Sold by,Fishpond.com
16.3.1,Sold by,iBeautyCity.com
16.1.2,Details & special offers,"Delivery by Wed, May 25Spend $89 for free delivery"
16.2.2,Details & special offers,Free delivery30-day returns
16.3.2,Details & special offers,"Free delivery by Sun, May 22"
16.1.3,Item price,$8.99
16.2.3,Item price,$24.60
16.3.3,Item price,$27.12
16.1.4,Total price,$15.94
16.2.4,Total price,$24.60
16.3.4,Total price,$27.12
17.1.1,Sold by,PC Fallon Co.
17.2.1,Sold by,eBay - youngbeautysupplies
17.3.1,Sold by,eCrater - xpertsedge
17.1.2,Details & special offers,"Delivery by Wed, May 25Spend $89 for free delivery"
17.2.2,Details & special offers,"Free delivery by Wed, May 18"
17.3.2,Details & special offers,Free delivery
17.1.3,Item price,"GREAT PICKThis product and store are highly rated, and the price is competitive.$28.05"
17.2.3,Item price,$31.89
17.3.3,Item price,$35.99
17.1.4,Total price,$36.00
17.2.4,Total price,$33.80
17.3.4,Total price,$35.99
18.1.1,Sold by,Vitabath
18.2.1,Sold by,Walmart - Euro Pharm
18.3.1,Sold by,PC Fallon Co.
18.4.1,Sold by,eBay - pharmacy1142
18.5.1,Sold by,eCrater - xpertsedge
18.6.1,Sold by,Groceryeshop
18.7.1,Sold by,VereTreasure Supermarket
18.8.1,Sold by,Zabiva.com
18.9.1,Sold by,goodholidayprice
18.1.2,Details & special offers,Spend $65 for free delivery
18.2.2,Details & special offers,Free delivery
18.3.2,Details & special offers,"Delivery by Wed, May 25Spend $89 for free delivery"
18.4.2,Details & special offers,"Free delivery by Wed, May 18"
18.5.2,Details & special offers,Free delivery
18.6.2,Details & special offers,Free deliveryApply GET5OFF
18.7.2,Details & special offers,"Free delivery by Mon, May 16Free 30-day returns"
18.8.2,Details & special offers,Free deliveryApply SAVE22
18.9.2,Details & special offers,"Free delivery by Tue, May 17"
18.1.3,Item price,LOW PRICE$8.20
18.2.3,Item price,$11.99
18.3.3,Item price,LOW PRICE$7.50
18.4.3,Item price,$11.99
18.5.3,Item price,$12.99
18.6.3,Item price,5% OFF$24.00
18.7.3,Item price,$26.33
18.8.3,Item price,5% OFF$24.00
18.9.3,Item price,$28.43
18.1.4,Total price,$18.15
18.2.4,Total price,$12.71
18.3.4,Total price,$14.45
18.4.4,Total price,$12.71
18.5.4,Total price,$12.99
18.6.4,Total price,$25.44
18.7.4,Total price,$26.33
18.8.4,Total price,$25.44
18.9.4,Total price,$28.43
19.1.1,Sold by,Vitabath
19.2.1,Sold by,eBay - 433433
19.3.1,Sold by,truegether.com/user/433433.html
19.4.1,Sold by,Bonanza - Xperts-Bonanza Mall
19.5.1,Sold by,eCrater - xpertsedge
19.1.2,Details & special offers,Spend $65 for free delivery
19.2.2,Details & special offers,"Free delivery by Wed, May 18"
19.3.2,Details & special offers,Free delivery
19.4.2,Details & special offers,Free delivery
19.5.2,Details & special offers,Free delivery
19.1.3,Item price,$9.25
19.2.3,Item price,$21.99
19.3.3,Item price,$21.55
19.4.3,Item price,$21.99
19.5.3,Item price,$21.99
19.1.4,Total price,$19.20
19.2.4,Total price,$23.31
19.3.4,Total price,$21.55
19.4.4,Total price,$23.31
19.5.4,Total price,$21.99
20.1.1,Sold by,Vitabath
20.2.1,Sold by,Walgreens.com
20.3.1,Sold by,PC Fallon Co.
20.4.1,Sold by,Vitacost.com
20.5.1,Sold by,Bealls Florida
20.6.1,Sold by,ihealthee
20.7.1,Sold by,Walmart - ROXON ENTERPRISES LLC
20.8.1,Sold by,myBitti.com
20.9.1,Sold by,eBay - 433433
20.10.1,Sold by,truegether.com/user/433433.html
20.11.1,Sold by,eCrater - xpertsedge
20.1.2,Details & special offers,Spend $65 for free delivery
20.2.2,Details & special offers,$5.99 deliveryFree 30-day returns
20.3.2,Details & special offers,"Delivery by Wed, May 25Spend $89 for free delivery"
20.4.2,Details & special offers,Spend $49 for free delivery60-day returns
20.5.2,Details & special offers,Delivery date & cost shown at checkout
20.6.2,Details & special offers,Free delivery
20.7.2,Details & special offers,Free delivery
20.8.2,Details & special offers,"Free delivery by Tue, May 17"
20.9.2,Details & special offers,"Free delivery by Wed, May 18"
20.10.2,Details & special offers,Free delivery
20.11.2,Details & special offers,Free delivery
20.1.3,Item price,$9.25
20.2.3,Item price,$8.99
20.3.3,Item price,$8.99
20.4.3,Item price,$8.99
20.5.3,Item price,LOW PRICE$7.19$8.99
20.6.3,Item price,$12.79
20.7.3,Item price,$20.52
20.8.3,Item price,$13.99
20.9.3,Item price,$26.99
20.10.3,Item price,$26.45
20.11.3,Item price,$16.99
20.1.4,Total price,$19.20
20.2.4,Total price,$15.88
20.3.4,Total price,$15.94
20.4.4,Total price,$15.88
20.5.4,Total price,$7.62.Shipping
20.6.4,Total price,$13.56
20.7.4,Total price,$21.75
20.8.4,Total price,$14.83
20.9.4,Total price,$28.61
20.10.4,Total price,$26.45
20.11.4,Total price,$16.99
21.1.1,Sold by,eBay
21.2.1,Sold by,truegether.com/user/433433.html
21.3.1,Sold by,Walmart - Redi-Fest
21.4.1,Sold by,Bonanza - Xperts-Bonanza Mall
21.5.1,Sold by,eCrater - xpertsedge
21.6.1,Sold by,Zabiva.com
21.7.1,Sold by,myBitti.com
21.1.2,Details & special offers,$5.84 delivery
21.2.2,Details & special offers,Free delivery
21.3.2,Details & special offers,Free delivery
21.4.2,Details & special offers,Free delivery
21.5.2,Details & special offers,Free delivery
21.6.2,Details & special offers,Free deliveryApply SAVE22
21.7.2,Details & special offers,"Free delivery by Tue, May 17"
21.1.3,Item price,LOW PRICE$14.00
21.2.3,Item price,$19.59
21.3.3,Item price,$24.99
21.4.3,Item price,$19.99
21.5.3,Item price,$19.99
21.6.3,Item price,5% OFF$20.56
21.7.3,Item price,$23.49
21.1.4,Total price,$21.03
21.2.4,Total price,$19.59
21.3.4,Total price,$26.49
21.4.4,Total price,$21.19
21.5.4,Total price,$19.99
21.6.4,Total price,$21.79
21.7.4,Total price,$24.90
22.1.1,Sold by,Vitabath
22.2.1,Sold by,PC Fallon Co.
22.3.1,Sold by,eBay - earthwaresangel
22.1.2,Details & special offers,Spend $65 for free delivery
22.2.2,Details & special offers,"Delivery by Wed, May 25Spend $89 for free delivery"
22.3.2,Details & special offers,$8.95 delivery
22.1.3,Item price,$9.25
22.2.3,Item price,$8.99
22.3.3,Item price,$37.95
22.1.4,Total price,$19.20
22.2.4,Total price,$15.94
22.3.4,Total price,$49.71
23.1.1,Sold by,PC Fallon Co.
23.2.1,Sold by,eBay
23.3.1,Sold by,truegether.com/user/433433.html
23.4.1,Sold by,Bonanza - Xperts-Bonanza Mall
23.5.1,Sold by,Newegg.com - Famous Microgreens
23.6.1,Sold by,Zabiva.com
23.7.1,Sold by,iBeautyCity.com
23.8.1,Sold by,goodholidayprice
23.1.2,Details & special offers,"Delivery by Wed, May 25Spend $89 for free delivery"
23.2.2,Details & special offers,"Free delivery by Wed, May 18"
23.3.2,Details & special offers,Free delivery
23.4.2,Details & special offers,Free delivery
23.5.2,Details & special offers,Free delivery
23.6.2,Details & special offers,Free deliveryApply SAVE22
23.7.2,Details & special offers,"Free delivery by Sun, May 22"
23.8.2,Details & special offers,"Free delivery by Tue, May 17"
23.1.3,Item price,"GREAT PICKThis product and store are highly rated, and the price is competitive.$37.40"
23.2.3,Item price,$44.99
23.3.3,Item price,$44.09
23.4.3,Item price,$44.99
23.5.3,Item price,$57.29
23.6.3,Item price,5% OFF$54.89
23.7.3,Item price,$75.65
23.8.3,Item price,$75.78
23.1.4,Total price,$45.35
23.2.4,Total price,$47.69
23.3.4,Total price,$44.09
23.4.4,Total price,$47.69
23.5.4,Total price,$60.73
23.6.4,Total price,$58.18
23.7.4,Total price,$75.65
23.8.4,Total price,$75.78
24.1.1,Sold by,Ulta Beauty
24.2.1,Sold by,Walgreens.com
24.3.1,Sold by,PC Fallon Co.
24.4.1,Sold by,Vitacost.com
24.5.1,Sold by,Bealls Florida
24.6.1,Sold by,ihealthee
24.7.1,Sold by,Zabiva.com
24.8.1,Sold by,Walmart
24.9.1,Sold by,eBay
24.10.1,Sold by,truegether.com/user/433433.html
24.11.1,Sold by,iBeautyCity.com
24.12.1,Sold by,Bonanza - Xperts-Bonanza Mall
24.13.1,Sold by,ibeautistore
24.1.2,Details & special offers,434.0 mi · In stock at Mount LaurelToday: 10:00 AM - 8:00 PM
24.2.2,Details & special offers,$5.99 deliveryFree 30-day returns
24.3.2,Details & special offers,"Delivery by Wed, May 25Spend $89 for free delivery"
24.4.2,Details & special offers,Spend $49 for free delivery60-day returns
24.5.2,Details & special offers,Delivery date & cost shown at checkout
24.6.2,Details & special offers,Free delivery
24.7.2,Details & special offers,Free deliveryApply SAVE22
24.8.2,Details & special offers,Free delivery
24.9.2,Details & special offers,"Free delivery by Wed, May 18"
24.10.2,Details & special offers,Free delivery
24.11.2,Details & special offers,"Free delivery by Sun, May 22"
24.12.2,Details & special offers,Free delivery
24.13.2,Details & special offers,"Free delivery by Sun, May 22"
24.1.3,Item price,$8.99
24.2.3,Item price,$8.99
24.3.3,Item price,$9.95
24.4.3,Item price,$9.99
24.5.3,Item price,LOW PRICE$7.19$8.99
24.6.3,Item price,$14.21
24.7.3,Item price,5% OFF$20.23
24.8.3,Item price,$31.92
24.9.3,Item price,$23.99
24.10.3,Item price,$23.51
24.11.3,Item price,$39.18
24.12.3,Item price,$23.99
24.13.3,Item price,$31.28
24.1.4,Total price,$8.99.Tax
24.2.4,Total price,$15.88
24.3.4,Total price,$16.90
24.4.4,Total price,$16.94
24.5.4,Total price,$7.62.Shipping
24.6.4,Total price,$15.06
24.7.4,Total price,$21.44
24.8.4,Total price,$33.84
24.9.4,Total price,$25.43
24.10.4,Total price,$23.51
24.11.4,Total price,$39.18
24.12.4,Total price,$25.43
24.13.4,Total price,$31.28
25.1.1,Sold by,PC Fallon Co.
25.2.1,Sold by,Walmart - Euro Pharm
25.3.1,Sold by,myBitti.com
25.1.2,Details & special offers,"Delivery by Wed, May 25Spend $89 for free delivery"
25.2.2,Details & special offers,Free delivery
25.3.2,Details & special offers,"Free delivery by Tue, May 17"
25.1.3,Item price,LOW PRICE$16.95
25.2.3,Item price,$24.99
25.3.3,Item price,$23.49
25.1.4,Total price,$23.90
25.2.4,Total price,$26.49
25.3.4,Total price,$24.90
26.1.1,Sold by,PC Fallon Co.
26.2.1,Sold by,Walmart - Euro Pharm
26.3.1,Sold by,eBay - pharmacy1142
26.4.1,Sold by,Raj Pharmacies
26.5.1,Sold by,myBitti.com
26.6.1,Sold by,Bonanza - Xperts-Bonanza Mall
26.1.2,Details & special offers,"Delivery by Wed, May 25Spend $89 for free delivery"
26.2.2,Details & special offers,Free delivery
26.3.2,Details & special offers,"Free delivery by Wed, May 18"
26.4.2,Details & special offers,465.7 mi · In stock at RumsonToday: 9:00 AM - 7:00 PM
26.5.2,Details & special offers,"Free delivery by Tue, May 17"
26.6.2,Details & special offers,Free delivery
26.1.3,Item price,LOW PRICE$18.94
26.2.3,Item price,$24.99
26.3.3,Item price,$23.99
26.4.3,Item price,LOW PRICE$20.00
26.5.3,Item price,$26.99
26.6.3,Item price,$26.99
26.1.4,Total price,$25.89
26.2.4,Total price,$26.49
26.3.4,Total price,$25.43
26.4.4,Total price,$20.00.Tax
26.5.4,Total price,$28.61
26.6.4,Total price,$28.61
27.1.1,Sold by,Vitabath
27.2.1,Sold by,PC Fallon Co.
27.3.1,Sold by,Poshmark
27.4.1,Sold by,eCrater - xpertsedge
27.1.2,Details & special offers,Spend $65 for free delivery
27.2.2,Details & special offers,"Delivery by Wed, May 25Spend $89 for free delivery"
27.3.2,Details & special offers,Spend $500 for free delivery
27.4.2,Details & special offers,Free delivery
27.1.3,Item price,LOW PRICE$9.25
27.2.3,Item price,LOW PRICE$8.99
27.3.3,Item price,$15.00
27.4.3,Item price,$15.99
27.1.4,Total price,$19.20
27.2.4,Total price,$15.94
27.3.4,Total price,$23.73
27.4.4,Total price,$15.99
28.1.1,Sold by,Vitabath
28.2.1,Sold by,Walgreens.com
28.3.1,Sold by,PC Fallon Co.
28.4.1,Sold by,Vitacost.com
28.5.1,Sold by,Walmart - Euro Pharm
28.6.1,Sold by,Bealls Florida
28.7.1,Sold by,eBay
28.8.1,Sold by,ihealthee
28.9.1,Sold by,Raj Pharmacies
28.10.1,Sold by,goodholidayprice
28.11.1,Sold by,ibeautistore
28.1.2,Details & special offers,Spend $65 for free delivery
28.2.2,Details & special offers,$5.99 deliveryFree 30-day returns
28.3.2,Details & special offers,"Delivery by Wed, May 25Spend $89 for free delivery"
28.4.2,Details & special offers,Spend $49 for free delivery60-day returns
28.5.2,Details & special offers,Free delivery
28.6.2,Details & special offers,Delivery date & cost shown at checkout
28.7.2,Details & special offers,"Free delivery by Wed, May 18"
28.8.2,Details & special offers,Free delivery
28.9.2,Details & special offers,465.7 mi · In stock at RumsonToday: 9:00 AM - 7:00 PM
28.10.2,Details & special offers,"Free delivery by Tue, May 17"
28.11.2,Details & special offers,"Free delivery by Sun, May 22"
28.1.3,Item price,LOW PRICE$9.25
28.2.3,Item price,LOW PRICE$8.99
28.3.3,Item price,LOW PRICE$8.99
28.4.3,Item price,LOW PRICE$8.99
28.5.3,Item price,$11.99
28.6.3,Item price,LOW PRICE$7.19$8.99
28.7.3,Item price,$11.99
28.8.3,Item price,$12.40
28.9.3,Item price,$10.99
28.10.3,Item price,$22.35
28.11.3,Item price,$20.26
28.1.4,Total price,$19.20
28.2.4,Total price,$15.88
28.3.4,Total price,$15.94
28.4.4,Total price,$15.88
28.5.4,Total price,$12.71
28.6.4,Total price,$7.62.Shipping
28.7.4,Total price,$12.71
28.8.4,Total price,$13.14
28.9.4,Total price,$10.99.Tax
28.10.4,Total price,$22.35
28.11.4,Total price,$20.26
29.1.1,Sold by,PC Fallon Co.
29.2.1,Sold by,eBay - 433433
29.1.2,Details & special offers,"Free delivery by Wed, May 25"
29.2.2,Details & special offers,"Free delivery by Wed, May 18"
29.1.3,Item price,$89.00
29.2.3,Item price,$95.99
29.1.4,Total price,$89.00
29.2.4,Total price,$101.75
30.1.1,Sold by,Vitabath
30.2.1,Sold by,Walmart - Euro Pharm
30.3.1,Sold by,eBay
30.4.1,Sold by,myBitti.com
30.5.1,Sold by,DorothyShop
30.6.1,Sold by,MeekDepot
30.7.1,Sold by,Zabiva.com
30.8.1,Sold by,onnyxbeauty
30.9.1,Sold by,Oneway Beauty
30.1.2,Details & special offers,Spend $65 for free delivery
30.2.2,Details & special offers,Free delivery
30.3.2,Details & special offers,"Free delivery by Wed, May 18"
30.4.2,Details & special offers,"Free delivery by Tue, May 17"
30.5.2,Details & special offers,"$7.13 delivery by Mon, May 30Free 30-day returns"
30.6.2,Details & special offers,"Free delivery by Sun, May 22"
30.7.2,Details & special offers,Free deliveryApply SAVE22
30.8.2,Details & special offers,"Free delivery by Mon, May 23"
30.9.2,Details & special offers,"Free delivery by Sun, May 22"
30.1.3,Item price,LOW PRICE$20.55
30.2.3,Item price,$24.99
30.3.3,Item price,$24.99
30.4.3,Item price,$26.99
30.5.3,Item price,$28.50
30.6.3,Item price,$83.50
30.7.3,Item price,5% OFF$52.60
30.8.3,Item price,$77.93
30.9.3,Item price,$72.37
30.1.4,Total price,$30.50
30.2.4,Total price,$26.49
30.3.4,Total price,$26.49
30.4.4,Total price,$28.61
30.5.4,Total price,$39.90
30.6.4,Total price,$83.50
30.7.4,Total price,$55.76
30.8.4,Total price,$77.93
30.9.4,Total price,$72.37
